town,province
Cape Town,Western Cape
  cape town ,western cape
CAPE TOWN,WC
Stellenbosch,Western Cape
Paarl,W Cape
Hermanus,Western Cape
Ladysmith,Western Cape
Ladysmith,KwaZulu-Natal
Ladysmith,KZN
Durban,KwaZulu-Natal
Pietermaritzburg,Kwazulu Natal
Richmond,KwaZulu-Natal
Richmond,Northern Cape
Newlands,Western Cape
Newlands,Gauteng
Newlands,KZN
Johannesburg,Gauteng
JOHANNESBURG,Gauteng Province
Pretoria,GP
Springs,Gauteng
Middelburg,Mpumalanga
Middelburg,Eastern Cape
Bloemfontein,Free State
Welkom,FS
Kimberley,Northern Cape
Upington,N Cape
Polokwane,Limpopo
Tzaneen,LP
Mahikeng,North West
Rustenburg,North-West
Nelspruit,Mpumalanga
Graaff-Reinet,Eastern Cape
graaff-reinet,EC
Gqeberha,Eastern Cape
East London,E Cape
Mossel  Bay,Western Cape
,Western Cape
Atlantis,
Springbok,Narnia
12345,Gauteng
